<?xml version="1.0" encoding="UTF-8"?>
<jcr:root xmlns:sling="http://sling.apache.org/jcr/sling/1.0" xmlns:cq="http://www.day.com/jcr/cq/1.0" xmlns:jcr="http://www.jcp.org/jcr/1.0" xmlns:nt="http://www.jcp.org/jcr/nt/1.0"
    jcr:primaryType="cq:Page">
    <jcr:content
        cq:lastModified="{Date}2012-06-20T16:30:12.834-07:00"
        cq:lastModifiedBy="admin"
        cq:template="/libs/wcm/core/templates/designpage"
        jcr:primaryType="cq:PageContent"
        jcr:title="aemTraining_Task1 Design"
        sling:resourceType="wcm/core/components/designer">
        <examplepage jcr:primaryType="nt:unstructured">
            <par
                jcr:lastModified="{Date}2012-06-20T16:30:12.800-07:00"
                jcr:lastModifiedBy="admin"
                jcr:primaryType="nt:unstructured"
                sling:resourceType="foundation/components/parsys"
                components="[group:General,group:aemTraining_Task1]">
                <section jcr:primaryType="nt:unstructured"/>
            </par>
        </examplepage>
    </jcr:content>
    <favicon.ico/>
    <static.css/>
    <images/>
</jcr:root>
